Model,NDCG@1,NDCG@10,Recall@1,Recall@10,Precision@1,Precision@10
redis_BM25,0.20057,0.4287,0.20057,0.69203,0.20057,0.0692
redis_vector,0.25605,0.49512,0.25605,0.76814,0.25605,0.07681
lin_combo,0.22048,0.47209,0.22048,0.76316,0.22048,0.07632
weighted_rrf,0.26458,0.50243,0.26458,0.7845,0.26458,0.07845
rerank,0.17568,0.42761,0.17568,0.76458,0.17568,0.07646
