Model,NDCG@1,NDCG@10,Recall@1,Recall@10,Precision@1,Precision@10
redis_BM25,0.38545,0.28788,0.05404,0.13888,0.39938,0.20464
redis_vector,0.35294,0.27845,0.02977,0.12401,0.37152,0.22663
lin_combo,0.4257,0.32395,0.05167,0.15499,0.44582,0.24334
weighted_rrf,0.41796,0.31793,0.04953,0.16126,0.44272,0.23622
rerank,0.36997,0.31588,0.03699,0.1629,0.387,0.24861
