Model,NDCG@1,NDCG@10,Recall@1,Recall@10,Precision@1,Precision@10
redis_BM25,0.16,0.13858,0.03245,0.14547,0.16,0.0716
redis_vector,0.231,0.2105,0.04673,0.22517,0.231,0.1111
lin_combo,0.207,0.20333,0.04213,0.22967,0.207,0.1134
weighted_rrf,0.2,0.19013,0.04055,0.20797,0.2,0.1026
rerank,0.181,0.17464,0.03678,0.19917,0.181,0.0982
