Model,NDCG@1,NDCG@10,Recall@1,Recall@10,Precision@1,Precision@10
redis_BM25,0.47333,0.58671,0.46167,0.70533,0.47333,0.07833
redis_vector,0.49667,0.61986,0.47567,0.744,0.49667,0.085
lin_combo,0.52,0.64888,0.505,0.78333,0.52,0.08833
weighted_rrf,0.48667,0.64578,0.46956,0.79667,0.48667,0.09033
rerank,0.46667,0.62705,0.44317,0.82122,0.46667,0.093
